,sample_id,10:48839777-48839805,10:48807269-48807299,10:80455218-80455234,11:132651496-132651514,12:73191702-73191722,13:31616824-31616840,14:101083782-101083816,17:55473774-55473796,21:40180514-40180540,21:44938027-44938065,22:22965860-22965896,2:137561973-137562009,3:166867950-166867978,4:105109185-105109201,4:168382104-168382118,4:176939424-176939436,5:135849162-135849186,6:64865915-64865933,6:72213085-72213115,X:141190865-141190913
0,DO46325,1.0,0.0,8.0,9.0,10.0,8.0,18.0,13.0,17.0,1.0,18.0,17.0,15.0,8.0,7.0,5.0,11.0,9.0,13.0,22.0
1,DO46325,1.0,0.0,8.0,11.0,11.0,9.0,40.0,44.0,18.0,1.0,20.0,17.0,16.0,8.0,7.0,22.0,30.0,9.0,48.0,24.0
2,DO46327,1.0,1.0,8.0,9.0,10.0,8.0,17.0,11.0,13.0,1.0,18.0,16.0,15.0,8.0,7.0,5.0,11.0,9.0,13.0,22.0
3,DO46327,1.0,48.0,36.0,39.0,12.0,8.0,57.0,13.0,18.0,1.0,40.0,17.0,53.0,8.0,7.0,5.0,12.0,9.0,15.0,48.0
4,DO46328,46.0,1.0,8.0,9.0,10.0,8.0,17.0,12.0,18.0,0.0,15.0,16.0,14.0,8.0,7.0,5.0,11.0,9.0,13.0,21.0
5,DO46328,46.0,1.0,8.0,9.0,36.0,44.0,19.0,13.0,46.0,43.0,18.0,17.0,15.0,8.0,7.0,6.0,12.0,9.0,45.0,22.0
6,DO46329,1.0,1.0,8.0,9.0,10.0,9.0,17.0,11.0,11.0,1.0,16.0,12.0,14.0,8.0,7.0,5.0,11.0,9.0,15.0,23.0
7,DO46329,34.0,18.0,9.0,41.0,11.0,31.0,17.0,47.0,15.0,48.0,18.0,40.0,44.0,8.0,7.0,6.0,12.0,27.0,15.0,24.0
8,DO46330,0.0,1.0,8.0,9.0,10.0,8.0,17.0,12.0,13.0,1.0,15.0,17.0,15.0,8.0,7.0,5.0,10.0,2.0,14.0,19.0
9,DO46330,0.0,1.0,8.0,39.0,21.0,9.0,18.0,13.0,16.0,150.0,18.0,17.0,54.0,8.0,7.0,5.0,11.0,9.0,42.0,23.0
10,DO46331,1.0,1.0,8.0,9.0,10.0,8.0,18.0,12.0,15.0,1.0,18.0,20.0,15.0,8.0,7.0,5.0,12.0,9.0,13.0,21.0
11,DO46331,1.0,41.0,39.0,40.0,22.0,9.0,18.0,13.0,22.0,1.0,41.0,21.0,21.0,49.0,7.0,49.0,32.0,9.0,13.0,24.0
12,DO46333,1.0,1.0,8.0,9.0,10.0,8.0,17.0,11.0,16.0,1.0,17.0,12.0,14.0,8.0,7.0,5.0,12.0,9.0,13.0,22.0
13,DO46333,50.0,35.0,8.0,9.0,13.0,8.0,18.0,48.0,19.0,1.0,18.0,17.0,40.0,46.0,8.0,6.0,32.0,10.0,15.0,23.0
14,DO46334,0.0,1.0,8.0,9.0,10.0,8.0,17.0,12.0,13.0,1.0,18.0,21.0,14.0,8.0,7.0,5.0,12.0,9.0,13.0,22.0
15,DO46334,0.0,43.0,8.0,11.0,32.0,8.0,18.0,13.0,17.0,1.0,21.0,46.0,42.0,38.0,7.0,17.0,32.0,9.0,41.0,52.0
16,DO46336,1.0,1.0,8.0,9.0,10.0,8.0,18.0,11.0,13.0,1.0,18.0,16.0,16.0,8.0,7.0,6.0,11.0,9.0,13.0,23.0
17,DO46336,1.0,1.0,42.0,10.0,13.0,9.0,50.0,13.0,18.0,100.0,41.0,17.0,43.0,8.0,32.0,6.0,12.0,9.0,49.0,25.0
18,DO46338,1.0,1.0,8.0,9.0,10.0,8.0,18.0,13.0,16.0,1.0,15.0,16.0,14.0,8.0,7.0,5.0,11.0,9.0,13.0,20.0
19,DO46338,46.0,1.0,41.0,37.0,32.0,8.0,35.0,14.0,18.0,1.0,41.0,17.0,15.0,8.0,7.0,5.0,12.0,9.0,53.0,23.0
20,DO46340,1.0,1.0,8.0,8.0,10.0,8.0,18.0,12.0,16.0,0.0,18.0,16.0,14.0,8.0,7.0,5.0,11.0,9.0,13.0,22.0
21,DO46340,1.0,1.0,36.0,41.0,30.0,9.0,20.0,13.0,17.0,50.0,19.0,17.0,41.0,8.0,7.0,5.0,31.0,33.0,15.0,55.0
22,DO46342,1.0,1.0,8.0,9.0,10.0,8.0,18.0,13.0,13.0,1.0,18.0,17.0,14.0,8.0,7.0,5.0,11.0,9.0,13.0,22.0
23,DO46342,28.0,38.0,8.0,11.0,22.0,8.0,43.0,33.0,43.0,43.0,41.0,17.0,50.0,8.0,7.0,22.0,32.0,9.0,15.0,24.0
24,DO46344,0.0,1.0,8.0,9.0,10.0,8.0,19.0,13.0,16.0,1.0,18.0,17.0,16.0,8.0,7.0,6.0,12.0,9.0,13.0,22.0
25,DO46344,0.0,40.0,48.0,11.0,20.0,9.0,19.0,49.0,18.0,1.0,19.0,21.0,50.0,43.0,32.0,6.0,30.0,9.0,13.0,24.0
26,DO46346,1.0,1.0,8.0,11.0,10.0,8.0,18.0,13.0,15.0,0.0,15.0,20.0,11.0,8.0,7.0,5.0,11.0,9.0,13.0,22.0
27,DO46346,66.0,1.0,8.0,39.0,24.0,8.0,20.0,13.0,17.0,62.0,18.0,21.0,42.0,8.0,7.0,5.0,12.0,9.0,44.0,52.0
28,DO46350,1.0,1.0,8.0,11.0,10.0,8.0,17.0,13.0,13.0,0.0,19.0,16.0,14.0,8.0,7.0,5.0,12.0,9.0,13.0,24.0
29,DO46350,48.0,1.0,8.0,11.0,22.0,39.0,19.0,13.0,17.0,36.0,48.0,17.0,38.0,8.0,7.0,5.0,28.0,9.0,15.0,24.0
30,DO46352,1.0,1.0,8.0,9.0,10.0,8.0,18.0,12.0,16.0,1.0,15.0,16.0,15.0,8.0,7.0,5.0,9.0,9.0,13.0,22.0
31,DO46352,47.0,1.0,36.0,11.0,18.0,8.0,41.0,13.0,17.0,2.0,18.0,17.0,39.0,8.0,41.0,5.0,11.0,9.0,13.0,23.0
32,DO46354,0.0,1.0,8.0,9.0,10.0,8.0,18.0,12.0,16.0,1.0,18.0,17.0,14.0,8.0,7.0,5.0,12.0,9.0,13.0,21.0
33,DO46354,0.0,68.0,8.0,41.0,28.0,9.0,33.0,13.0,17.0,86.0,47.0,21.0,55.0,43.0,7.0,5.0,31.0,44.0,41.0,23.0
34,DO46356,0.0,1.0,8.0,9.0,10.0,8.0,18.0,13.0,15.0,1.0,14.0,16.0,14.0,8.0,7.0,5.0,12.0,9.0,13.0,23.0
35,DO46356,0.0,31.0,8.0,9.0,50.0,9.0,39.0,45.0,16.0,1.0,16.0,17.0,40.0,8.0,35.0,22.0,28.0,10.0,13.0,24.0
36,DO46358,1.0,1.0,8.0,9.0,10.0,8.0,17.0,13.0,18.0,1.0,18.0,17.0,15.0,8.0,7.0,5.0,11.0,9.0,13.0,22.0
37,DO46358,42.0,43.0,50.0,39.0,11.0,37.0,18.0,14.0,18.0,1.0,20.0,46.0,44.0,38.0,7.0,6.0,29.0,37.0,43.0,23.0
38,DO46360,1.0,1.0,8.0,9.0,10.0,8.0,17.0,13.0,16.0,1.0,15.0,21.0,16.0,8.0,7.0,5.0,12.0,9.0,13.0,21.0
39,DO46360,31.0,1.0,38.0,11.0,25.0,9.0,18.0,13.0,18.0,1.0,17.0,50.0,50.0,8.0,32.0,5.0,31.0,9.0,13.0,22.0
40,DO46362,1.0,1.0,8.0,9.0,10.0,8.0,18.0,12.0,16.0,1.0,18.0,17.0,14.0,8.0,7.0,5.0,12.0,9.0,13.0,22.0
41,DO46362,1.0,43.0,8.0,41.0,30.0,8.0,38.0,13.0,16.0,75.0,41.0,21.0,15.0,48.0,7.0,6.0,28.0,33.0,15.0,53.0
42,DO46364,40.0,1.0,8.0,9.0,10.0,9.0,17.0,12.0,18.0,1.0,15.0,12.0,15.0,8.0,7.0,5.0,12.0,9.0,13.0,22.0
43,DO46364,40.0,45.0,8.0,11.0,21.0,9.0,18.0,13.0,18.0,40.0,18.0,17.0,43.0,8.0,7.0,5.0,35.0,10.0,58.0,24.0
44,DO46366,34.0,1.0,8.0,9.0,10.0,8.0,17.0,13.0,15.0,0.0,14.0,16.0,15.0,8.0,7.0,5.0,12.0,9.0,13.0,22.0
45,DO46366,38.0,20.0,42.0,10.0,41.0,8.0,19.0,14.0,18.0,0.0,41.0,17.0,50.0,8.0,7.0,5.0,20.0,33.0,54.0,24.0
46,DO46368,0.0,1.0,8.0,9.0,10.0,8.0,18.0,13.0,18.0,1.0,15.0,17.0,15.0,8.0,7.0,5.0,11.0,9.0,13.0,23.0
47,DO46368,0.0,47.0,8.0,11.0,27.0,9.0,55.0,34.0,51.0,1.0,16.0,21.0,16.0,40.0,7.0,5.0,21.0,9.0,52.0,24.0
48,DO46370,41.0,1.0,8.0,11.0,10.0,8.0,17.0,12.0,15.0,1.0,18.0,13.0,14.0,8.0,7.0,5.0,11.0,9.0,15.0,22.0
49,DO46370,41.0,1.0,41.0,44.0,21.0,8.0,18.0,13.0,16.0,1.0,21.0,22.0,50.0,8.0,7.0,6.0,20.0,10.0,54.0,23.0
50,DO46372,1.0,1.0,8.0,9.0,10.0,8.0,18.0,11.0,16.0,2.0,15.0,12.0,15.0,8.0,7.0,5.0,12.0,9.0,13.0,20.0
51,DO46372,40.0,33.0,8.0,10.0,44.0,9.0,40.0,12.0,18.0,2.0,20.0,13.0,21.0,8.0,7.0,5.0,35.0,10.0,15.0,25.0
52,DO46374,0.0,1.0,8.0,9.0,10.0,8.0,14.0,12.0,15.0,1.0,18.0,17.0,14.0,8.0,7.0,5.0,11.0,9.0,12.0,23.0
53,DO46374,0.0,31.0,8.0,9.0,47.0,9.0,16.0,13.0,18.0,1.0,18.0,22.0,43.0,8.0,7.0,5.0,36.0,9.0,13.0,53.0
54,DO46376,1.0,1.0,8.0,9.0,10.0,8.0,16.0,13.0,16.0,1.0,15.0,17.0,16.0,8.0,7.0,5.0,12.0,9.0,13.0,22.0
55,DO46376,1.0,34.0,39.0,9.0,23.0,9.0,18.0,41.0,18.0,250.0,18.0,17.0,49.0,8.0,7.0,17.0,34.0,9.0,15.0,24.0
56,DO46378,0.0,1.0,8.0,9.0,10.0,8.0,18.0,12.0,17.0,1.0,18.0,17.0,16.0,8.0,7.0,5.0,11.0,9.0,13.0,22.0
57,DO46378,0.0,21.0,36.0,47.0,22.0,44.0,54.0,13.0,18.0,1.0,18.0,17.0,42.0,8.0,43.0,5.0,12.0,10.0,52.0,23.0
58,DO46380,1.0,1.0,8.0,9.0,10.0,8.0,14.0,12.0,16.0,1.0,17.0,12.0,15.0,8.0,7.0,5.0,11.0,9.0,13.0,23.0
59,DO46380,34.0,50.0,8.0,11.0,25.0,9.0,18.0,13.0,18.0,2.0,18.0,21.0,16.0,50.0,7.0,5.0,35.0,9.0,13.0,23.0
60,DO46382,1.0,1.0,8.0,9.0,10.0,8.0,17.0,11.0,18.0,0.0,18.0,17.0,15.0,8.0,7.0,5.0,12.0,9.0,13.0,22.0
61,DO46382,1.0,40.0,8.0,43.0,33.0,45.0,18.0,12.0,47.0,70.0,45.0,21.0,16.0,8.0,7.0,5.0,20.0,31.0,13.0,22.0
62,DO46384,1.0,1.0,8.0,9.0,10.0,8.0,15.0,13.0,13.0,1.0,17.0,13.0,15.0,8.0,7.0,5.0,12.0,9.0,13.0,22.0
63,DO46384,1.0,70.0,36.0,44.0,24.0,9.0,17.0,13.0,15.0,250.0,18.0,18.0,43.0,43.0,7.0,5.0,27.0,38.0,15.0,23.0
64,DO46386,0.0,1.0,8.0,9.0,10.0,8.0,17.0,11.0,18.0,1.0,15.0,17.0,15.0,8.0,7.0,5.0,11.0,9.0,13.0,21.0
65,DO46386,0.0,23.0,8.0,11.0,27.0,9.0,18.0,11.0,18.0,90.0,18.0,46.0,43.0,52.0,7.0,5.0,12.0,31.0,13.0,23.0
66,DO46388,1.0,1.0,8.0,9.0,10.0,8.0,19.0,11.0,16.0,1.0,15.0,12.0,15.0,8.0,7.0,5.0,11.0,9.0,15.0,21.0
67,DO46388,36.0,31.0,42.0,34.0,23.0,8.0,26.0,12.0,18.0,1.0,18.0,21.0,40.0,47.0,12.0,5.0,32.0,9.0,47.0,22.0
68,DO46390,1.0,0.0,8.0,9.0,10.0,9.0,17.0,11.0,12.0,1.0,15.0,12.0,15.0,8.0,7.0,6.0,12.0,9.0,13.0,24.0
69,DO46390,1.0,0.0,8.0,28.0,48.0,9.0,20.0,12.0,13.0,1.0,16.0,17.0,52.0,8.0,7.0,6.0,35.0,38.0,13.0,25.0
70,DO46392,1.0,1.0,8.0,9.0,10.0,8.0,18.0,13.0,16.0,1.0,18.0,16.0,14.0,8.0,7.0,5.0,12.0,9.0,13.0,23.0
71,DO46392,1.0,1.0,8.0,39.0,44.0,8.0,40.0,13.0,49.0,78.0,38.0,17.0,42.0,44.0,7.0,5.0,35.0,38.0,44.0,24.0
72,DO46394,42.0,1.0,8.0,11.0,10.0,8.0,16.0,11.0,15.0,1.0,18.0,16.0,15.0,8.0,7.0,5.0,12.0,9.0,15.0,22.0
73,DO46394,42.0,19.0,8.0,11.0,18.0,9.0,17.0,13.0,18.0,62.0,40.0,17.0,50.0,51.0,7.0,6.0,31.0,9.0,15.0,24.0
74,DO46398,0.0,1.0,8.0,9.0,10.0,8.0,17.0,13.0,13.0,1.0,16.0,12.0,13.0,8.0,7.0,5.0,12.0,9.0,13.0,22.0
75,DO46398,0.0,1.0,8.0,11.0,47.0,9.0,18.0,49.0,18.0,24.0,18.0,46.0,14.0,8.0,7.0,22.0,20.0,33.0,13.0,23.0
76,DO46400,1.0,1.0,8.0,9.0,10.0,9.0,17.0,12.0,13.0,1.0,18.0,12.0,14.0,8.0,7.0,5.0,12.0,9.0,13.0,22.0
77,DO46400,1.0,18.0,8.0,9.0,11.0,9.0,18.0,13.0,16.0,40.0,46.0,17.0,15.0,8.0,32.0,5.0,20.0,37.0,39.0,24.0
78,DO46402,1.0,1.0,8.0,9.0,10.0,8.0,18.0,12.0,16.0,1.0,19.0,21.0,15.0,8.0,7.0,5.0,12.0,9.0,13.0,22.0
79,DO46402,1.0,33.0,51.0,11.0,20.0,9.0,40.0,13.0,18.0,2.0,20.0,43.0,50.0,8.0,32.0,5.0,20.0,33.0,13.0,23.0
80,DO46404,1.0,1.0,8.0,9.0,10.0,8.0,18.0,13.0,13.0,1.0,16.0,12.0,16.0,8.0,7.0,5.0,12.0,9.0,13.0,25.0
81,DO46404,1.0,1.0,36.0,40.0,32.0,9.0,48.0,48.0,18.0,1.0,18.0,17.0,43.0,52.0,7.0,22.0,19.0,38.0,46.0,47.0
82,DO46408,0.0,1.0,8.0,8.0,10.0,8.0,17.0,13.0,16.0,0.0,15.0,17.0,13.0,8.0,7.0,5.0,12.0,9.0,13.0,22.0
83,DO46408,0.0,39.0,8.0,9.0,11.0,9.0,18.0,13.0,18.0,0.0,18.0,21.0,44.0,8.0,7.0,22.0,20.0,9.0,54.0,23.0
84,DO46412,0.0,1.0,8.0,9.0,10.0,8.0,18.0,13.0,16.0,1.0,18.0,12.0,14.0,8.0,7.0,5.0,11.0,9.0,13.0,22.0
85,DO46412,0.0,1.0,8.0,9.0,15.0,8.0,25.0,46.0,41.0,2.0,40.0,17.0,15.0,8.0,7.0,5.0,12.0,9.0,15.0,23.0
86,DO46416,1.0,1.0,8.0,9.0,10.0,9.0,18.0,13.0,16.0,1.0,18.0,12.0,14.0,8.0,7.0,5.0,12.0,9.0,13.0,22.0
87,DO46416,1.0,1.0,8.0,9.0,40.0,31.0,19.0,14.0,44.0,70.0,18.0,21.0,15.0,8.0,32.0,5.0,31.0,9.0,14.0,24.0
88,DO46420,1.0,1.0,8.0,11.0,10.0,8.0,18.0,13.0,13.0,1.0,15.0,12.0,13.0,8.0,7.0,5.0,12.0,9.0,13.0,24.0
89,DO46420,1.0,1.0,8.0,43.0,23.0,8.0,19.0,14.0,18.0,1.0,18.0,13.0,14.0,43.0,7.0,22.0,32.0,9.0,15.0,52.0
90,DO46424,1.0,1.0,8.0,9.0,10.0,8.0,17.0,13.0,11.0,1.0,16.0,12.0,14.0,8.0,7.0,6.0,8.0,9.0,13.0,22.0
91,DO46424,1.0,68.0,8.0,9.0,31.0,9.0,18.0,14.0,18.0,130.0,18.0,17.0,38.0,8.0,7.0,6.0,11.0,9.0,14.0,23.0
92,DO46448,1.0,1.0,8.0,9.0,10.0,8.0,17.0,11.0,18.0,1.0,15.0,17.0,15.0,8.0,7.0,6.0,12.0,9.0,15.0,22.0
93,DO46448,42.0,31.0,38.0,9.0,34.0,31.0,32.0,13.0,20.0,78.0,16.0,48.0,40.0,8.0,8.0,6.0,32.0,38.0,55.0,45.0
94,DO46488,1.0,1.0,8.0,9.0,10.0,8.0,17.0,13.0,13.0,0.0,16.0,12.0,16.0,8.0,7.0,5.0,12.0,9.0,15.0,23.0
95,DO46488,78.0,40.0,8.0,9.0,59.0,9.0,18.0,49.0,16.0,62.0,18.0,23.0,45.0,8.0,7.0,6.0,32.0,9.0,45.0,24.0
96,DO46493,37.0,1.0,8.0,9.0,10.0,8.0,14.0,13.0,13.0,1.0,16.0,17.0,15.0,8.0,7.0,5.0,11.0,9.0,13.0,22.0
97,DO46493,37.0,42.0,8.0,9.0,38.0,8.0,17.0,13.0,16.0,73.0,40.0,17.0,46.0,8.0,7.0,6.0,33.0,38.0,57.0,23.0
98,DO46498,0.0,1.0,8.0,9.0,10.0,8.0,17.0,13.0,15.0,1.0,13.0,12.0,15.0,8.0,7.0,5.0,12.0,9.0,13.0,21.0
99,DO46498,0.0,33.0,8.0,34.0,25.0,9.0,18.0,40.0,18.0,2.0,18.0,21.0,50.0,8.0,7.0,6.0,13.0,9.0,15.0,22.0
100,DO46503,1.0,1.0,8.0,8.0,10.0,8.0,16.0,13.0,13.0,2.0,17.0,12.0,15.0,8.0,7.0,5.0,12.0,9.0,13.0,22.0
101,DO46503,1.0,1.0,8.0,11.0,54.0,9.0,18.0,45.0,16.0,2.0,18.0,17.0,16.0,52.0,7.0,22.0,20.0,38.0,41.0,23.0
102,DO46542,42.0,1.0,8.0,10.0,10.0,8.0,18.0,11.0,15.0,1.0,15.0,17.0,15.0,8.0,7.0,5.0,12.0,9.0,14.0,22.0
103,DO46542,42.0,34.0,40.0,11.0,22.0,8.0,35.0,13.0,18.0,1.0,17.0,42.0,43.0,8.0,7.0,5.0,32.0,9.0,15.0,23.0
104,DO46551,0.0,1.0,8.0,9.0,10.0,8.0,17.0,13.0,18.0,1.0,15.0,15.0,14.0,8.0,7.0,5.0,11.0,9.0,15.0,22.0
105,DO46551,0.0,58.0,8.0,11.0,43.0,42.0,37.0,14.0,19.0,1.0,39.0,17.0,15.0,8.0,7.0,6.0,20.0,10.0,15.0,24.0
106,DO46556,0.0,1.0,8.0,9.0,11.0,8.0,17.0,12.0,16.0,1.0,18.0,17.0,15.0,8.0,7.0,5.0,11.0,9.0,13.0,22.0
107,DO46556,0.0,46.0,8.0,11.0,29.0,8.0,18.0,13.0,18.0,1.0,47.0,21.0,47.0,35.0,7.0,5.0,29.0,9.0,53.0,23.0
108,DO46560,1.0,1.0,8.0,9.0,10.0,8.0,18.0,13.0,17.0,1.0,18.0,17.0,15.0,8.0,7.0,5.0,8.0,9.0,13.0,23.0
109,DO46560,1.0,31.0,8.0,9.0,11.0,9.0,18.0,13.0,18.0,44.0,40.0,46.0,50.0,43.0,7.0,6.0,11.0,9.0,15.0,23.0
110,DO46561,35.0,1.0,8.0,9.0,10.0,8.0,18.0,12.0,18.0,0.0,15.0,12.0,15.0,8.0,7.0,5.0,12.0,9.0,12.0,22.0
111,DO46561,35.0,20.0,8.0,11.0,38.0,9.0,42.0,13.0,51.0,116.0,47.0,21.0,44.0,8.0,7.0,5.0,36.0,9.0,13.0,23.0
112,DO46566,1.0,1.0,8.0,9.0,10.0,8.0,17.0,11.0,18.0,1.0,15.0,17.0,14.0,8.0,7.0,5.0,11.0,9.0,13.0,22.0
113,DO46566,70.0,1.0,8.0,45.0,18.0,43.0,18.0,13.0,46.0,50.0,18.0,23.0,16.0,8.0,7.0,6.0,20.0,31.0,15.0,23.0
114,DO46568,1.0,1.0,8.0,8.0,10.0,8.0,14.0,13.0,16.0,1.0,18.0,13.0,11.0,8.0,7.0,5.0,11.0,9.0,13.0,21.0
115,DO46568,27.0,32.0,36.0,9.0,11.0,9.0,18.0,13.0,18.0,1.0,35.0,44.0,14.0,8.0,7.0,22.0,17.0,9.0,47.0,22.0
116,DO46571,45.0,1.0,8.0,8.0,10.0,8.0,18.0,11.0,16.0,1.0,18.0,17.0,14.0,8.0,7.0,5.0,11.0,9.0,13.0,23.0
117,DO46571,45.0,38.0,38.0,9.0,22.0,9.0,53.0,12.0,43.0,38.0,39.0,20.0,15.0,8.0,7.0,5.0,12.0,9.0,15.0,24.0
118,DO46576,1.0,1.0,8.0,9.0,11.0,7.0,17.0,13.0,16.0,1.0,15.0,13.0,15.0,8.0,6.0,6.0,12.0,9.0,13.0,21.0
119,DO46576,24.0,20.0,8.0,9.0,22.0,9.0,53.0,49.0,18.0,68.0,40.0,17.0,43.0,38.0,7.0,6.0,29.0,9.0,49.0,22.0
120,DO46581,0.0,1.0,8.0,9.0,10.0,8.0,17.0,13.0,16.0,1.0,16.0,15.0,16.0,8.0,7.0,5.0,12.0,9.0,13.0,22.0
121,DO46581,0.0,1.0,8.0,11.0,27.0,8.0,18.0,14.0,18.0,1.0,18.0,21.0,36.0,8.0,7.0,22.0,32.0,10.0,15.0,22.0
122,DO46586,1.0,1.0,8.0,9.0,10.0,8.0,17.0,11.0,18.0,2.0,18.0,17.0,14.0,8.0,7.0,6.0,12.0,9.0,13.0,23.0
123,DO46586,1.0,43.0,8.0,11.0,43.0,8.0,18.0,13.0,18.0,30.0,18.0,47.0,50.0,8.0,7.0,6.0,34.0,9.0,15.0,24.0
124,DO46588,0.0,1.0,8.0,9.0,10.0,9.0,15.0,13.0,17.0,1.0,18.0,17.0,15.0,8.0,7.0,5.0,12.0,9.0,13.0,23.0
125,DO46588,0.0,31.0,37.0,11.0,43.0,48.0,17.0,14.0,18.0,34.0,47.0,46.0,50.0,8.0,46.0,5.0,42.0,33.0,49.0,23.0
126,DO46591,1.0,1.0,8.0,9.0,10.0,8.0,18.0,13.0,17.0,1.0,18.0,17.0,14.0,8.0,7.0,5.0,11.0,9.0,13.0,20.0
127,DO46591,75.0,1.0,39.0,43.0,21.0,9.0,19.0,13.0,18.0,75.0,18.0,17.0,15.0,8.0,7.0,6.0,27.0,9.0,13.0,22.0
128,DO46593,1.0,1.0,8.0,9.0,10.0,9.0,18.0,13.0,13.0,1.0,18.0,12.0,14.0,8.0,7.0,5.0,11.0,9.0,13.0,24.0
129,DO46593,36.0,1.0,8.0,32.0,30.0,9.0,40.0,13.0,16.0,83.0,18.0,15.0,41.0,8.0,32.0,6.0,30.0,36.0,13.0,25.0
130,DO46597,1.0,1.0,8.0,9.0,10.0,8.0,18.0,11.0,15.0,1.0,15.0,13.0,14.0,8.0,7.0,5.0,20.0,9.0,13.0,22.0
131,DO46597,1.0,24.0,8.0,11.0,11.0,9.0,53.0,12.0,18.0,1.0,18.0,18.0,15.0,8.0,7.0,17.0,30.0,9.0,13.0,23.0
132,DO46602,0.0,0.0,8.0,9.0,10.0,8.0,18.0,13.0,18.0,1.0,15.0,17.0,15.0,8.0,7.0,5.0,12.0,9.0,13.0,22.0
133,DO46602,0.0,0.0,8.0,10.0,31.0,9.0,27.0,13.0,22.0,1.0,17.0,17.0,45.0,8.0,7.0,5.0,27.0,9.0,13.0,24.0
134,DO46606,1.0,1.0,8.0,9.0,10.0,8.0,18.0,13.0,18.0,1.0,18.0,17.0,14.0,8.0,7.0,6.0,11.0,9.0,13.0,23.0
135,DO46606,46.0,50.0,8.0,11.0,38.0,8.0,27.0,43.0,46.0,35.0,41.0,46.0,50.0,8.0,7.0,6.0,12.0,9.0,42.0,24.0
136,DO46611,0.0,1.0,8.0,9.0,10.0,8.0,18.0,11.0,13.0,1.0,15.0,17.0,15.0,8.0,7.0,6.0,12.0,9.0,13.0,21.0
137,DO46611,0.0,38.0,8.0,45.0,37.0,8.0,43.0,13.0,17.0,41.0,18.0,52.0,46.0,8.0,7.0,6.0,29.0,9.0,15.0,23.0
138,DO27978,0.0,1.0,8.0,9.0,10.0,8.0,18.0,13.0,15.0,0.0,15.0,13.0,15.0,7.0,7.0,5.0,12.0,9.0,13.0,22.0
139,DO27978,0.0,20.0,45.0,11.0,20.0,9.0,44.0,35.0,18.0,1.0,18.0,21.0,16.0,8.0,32.0,22.0,31.0,9.0,13.0,23.0
140,DO28004,1.0,1.0,8.0,9.0,10.0,9.0,17.0,13.0,11.0,1.0,18.0,13.0,14.0,8.0,7.0,5.0,12.0,9.0,13.0,23.0
141,DO28004,1.0,32.0,36.0,9.0,34.0,9.0,18.0,50.0,18.0,2.0,40.0,17.0,15.0,48.0,7.0,6.0,13.0,35.0,13.0,24.0
142,DO28024,1.0,0.0,8.0,9.0,10.0,8.0,17.0,11.0,16.0,0.0,18.0,17.0,15.0,8.0,7.0,5.0,10.0,9.0,13.0,22.0
143,DO28024,1.0,0.0,47.0,43.0,33.0,41.0,37.0,47.0,18.0,2.0,19.0,21.0,41.0,8.0,23.0,17.0,30.0,33.0,15.0,23.0
144,DO28053,1.0,1.0,8.0,11.0,9.0,8.0,14.0,13.0,13.0,1.0,16.0,17.0,15.0,8.0,7.0,5.0,10.0,9.0,12.0,21.0
145,DO28053,1.0,20.0,46.0,11.0,10.0,8.0,18.0,49.0,19.0,66.0,18.0,45.0,42.0,8.0,7.0,5.0,11.0,9.0,13.0,22.0
146,DO28089,30.0,1.0,8.0,9.0,10.0,8.0,17.0,11.0,18.0,1.0,18.0,12.0,14.0,8.0,6.0,5.0,12.0,8.0,13.0,23.0
147,DO28089,30.0,33.0,38.0,35.0,26.0,28.0,24.0,38.0,36.0,141.0,19.0,35.0,20.0,29.0,7.0,6.0,36.0,9.0,36.0,43.0
148,DO28093,1.0,1.0,8.0,9.0,10.0,8.0,18.0,12.0,18.0,1.0,15.0,17.0,14.0,8.0,7.0,5.0,11.0,8.0,12.0,21.0
149,DO28093,1.0,1.0,8.0,11.0,23.0,44.0,41.0,13.0,18.0,1.0,18.0,20.0,16.0,8.0,7.0,5.0,31.0,9.0,13.0,22.0
150,DO28119,0.0,1.0,8.0,9.0,10.0,8.0,15.0,13.0,16.0,1.0,18.0,16.0,11.0,7.0,7.0,5.0,12.0,9.0,12.0,22.0
151,DO28119,0.0,1.0,8.0,11.0,11.0,8.0,18.0,46.0,18.0,1.0,19.0,17.0,15.0,8.0,7.0,5.0,20.0,9.0,13.0,23.0
152,DO28233,0.0,1.0,8.0,9.0,10.0,8.0,16.0,13.0,13.0,0.0,16.0,17.0,15.0,8.0,7.0,5.0,11.0,9.0,14.0,21.0
153,DO28233,0.0,101.0,8.0,41.0,11.0,8.0,17.0,48.0,16.0,0.0,18.0,21.0,45.0,8.0,7.0,5.0,29.0,33.0,15.0,22.0
154,DO28273,1.0,1.0,8.0,9.0,10.0,8.0,17.0,13.0,13.0,1.0,17.0,16.0,14.0,8.0,7.0,5.0,12.0,9.0,13.0,23.0
155,DO28273,75.0,20.0,35.0,28.0,23.0,9.0,18.0,37.0,27.0,35.0,18.0,33.0,15.0,35.0,7.0,5.0,40.0,9.0,34.0,38.0
156,DO28289,1.0,1.0,8.0,9.0,9.0,8.0,17.0,13.0,17.0,1.0,18.0,15.0,14.0,8.0,7.0,5.0,12.0,9.0,13.0,19.0
157,DO28289,1.0,16.0,8.0,38.0,63.0,8.0,18.0,47.0,18.0,1.0,42.0,17.0,15.0,38.0,7.0,5.0,31.0,9.0,13.0,23.0
158,DO28412,1.0,1.0,8.0,9.0,9.0,9.0,18.0,13.0,18.0,0.0,18.0,17.0,14.0,8.0,7.0,5.0,11.0,9.0,13.0,22.0
159,DO28412,117.0,50.0,8.0,11.0,10.0,9.0,20.0,49.0,51.0,64.0,41.0,21.0,15.0,44.0,7.0,5.0,25.0,9.0,48.0,23.0
160,DO28521,1.0,1.0,8.0,9.0,10.0,8.0,17.0,11.0,13.0,1.0,18.0,12.0,15.0,8.0,7.0,5.0,12.0,9.0,13.0,22.0
161,DO28521,42.0,33.0,8.0,37.0,41.0,39.0,18.0,46.0,20.0,1.0,40.0,14.0,42.0,38.0,42.0,5.0,31.0,39.0,16.0,23.0
162,DO28763,0.0,0.0,8.0,9.0,10.0,8.0,17.0,13.0,16.0,1.0,17.0,20.0,15.0,8.0,7.0,5.0,11.0,9.0,12.0,22.0
163,DO28763,0.0,0.0,8.0,11.0,36.0,8.0,27.0,13.0,21.0,40.0,18.0,21.0,16.0,8.0,7.0,5.0,35.0,9.0,13.0,23.0
164,DO28823,49.0,1.0,8.0,9.0,10.0,8.0,18.0,11.0,16.0,0.0,18.0,13.0,14.0,8.0,7.0,5.0,12.0,9.0,12.0,22.0
165,DO28823,49.0,30.0,8.0,9.0,21.0,8.0,40.0,13.0,18.0,84.0,42.0,17.0,53.0,38.0,7.0,6.0,30.0,37.0,13.0,23.0
166,DO28952,1.0,1.0,8.0,9.0,10.0,8.0,14.0,11.0,18.0,40.0,18.0,17.0,8.0,8.0,7.0,6.0,11.0,9.0,13.0,21.0
167,DO28952,41.0,1.0,8.0,9.0,23.0,9.0,18.0,13.0,46.0,40.0,50.0,50.0,15.0,8.0,7.0,6.0,12.0,9.0,15.0,22.0
168,DO28962,0.0,0.0,8.0,9.0,9.0,8.0,18.0,12.0,15.0,0.0,16.0,17.0,11.0,8.0,7.0,5.0,13.0,9.0,13.0,21.0
169,DO28962,0.0,0.0,8.0,9.0,10.0,9.0,19.0,13.0,16.0,49.0,18.0,52.0,15.0,8.0,7.0,5.0,32.0,36.0,13.0,22.0
170,DO29146,1.0,1.0,8.0,9.0,10.0,9.0,18.0,13.0,18.0,1.0,18.0,17.0,14.0,8.0,7.0,5.0,12.0,9.0,15.0,22.0
171,DO29146,32.0,70.0,40.0,9.0,11.0,9.0,19.0,45.0,46.0,1.0,19.0,48.0,15.0,44.0,7.0,6.0,31.0,38.0,52.0,23.0
172,DO29308,1.0,1.0,8.0,9.0,10.0,8.0,17.0,13.0,17.0,0.0,17.0,17.0,15.0,8.0,7.0,5.0,12.0,9.0,13.0,23.0
173,DO29308,33.0,29.0,8.0,40.0,39.0,8.0,27.0,50.0,18.0,0.0,18.0,21.0,16.0,8.0,7.0,5.0,32.0,9.0,15.0,24.0
174,DO29398,0.0,1.0,8.0,9.0,9.0,8.0,13.0,13.0,15.0,1.0,15.0,16.0,14.0,8.0,7.0,5.0,11.0,9.0,13.0,22.0
175,DO29398,0.0,1.0,8.0,11.0,10.0,9.0,17.0,42.0,18.0,1.0,18.0,17.0,16.0,8.0,7.0,5.0,35.0,10.0,15.0,23.0
176,DO29760,0.0,1.0,8.0,8.0,10.0,8.0,18.0,11.0,13.0,1.0,16.0,17.0,14.0,8.0,7.0,5.0,11.0,9.0,13.0,22.0
177,DO29760,0.0,1.0,8.0,11.0,12.0,9.0,42.0,46.0,17.0,67.0,18.0,20.0,15.0,8.0,7.0,6.0,13.0,40.0,15.0,23.0
178,DO29850,1.0,1.0,8.0,8.0,10.0,8.0,17.0,13.0,15.0,1.0,18.0,17.0,14.0,8.0,7.0,5.0,12.0,9.0,13.0,21.0
179,DO29850,1.0,1.0,36.0,9.0,11.0,8.0,53.0,48.0,19.0,1.0,18.0,47.0,15.0,38.0,7.0,6.0,35.0,38.0,15.0,22.0
180,DO29940,1.0,1.0,8.0,8.0,10.0,8.0,17.0,12.0,13.0,1.0,15.0,16.0,14.0,8.0,7.0,5.0,12.0,9.0,13.0,23.0
181,DO29940,1.0,1.0,8.0,9.0,21.0,9.0,18.0,43.0,16.0,37.0,18.0,17.0,15.0,8.0,7.0,5.0,31.0,9.0,13.0,24.0
182,DO29980,0.0,1.0,8.0,9.0,10.0,9.0,17.0,12.0,13.0,1.0,15.0,17.0,14.0,8.0,7.0,5.0,12.0,9.0,13.0,19.0
183,DO29980,0.0,17.0,8.0,11.0,37.0,9.0,39.0,38.0,34.0,37.0,18.0,35.0,15.0,32.0,7.0,5.0,33.0,13.0,31.0,23.0
184,DO30060,0.0,0.0,8.0,9.0,10.0,8.0,16.0,13.0,16.0,1.0,16.0,17.0,14.0,8.0,7.0,5.0,12.0,9.0,13.0,22.0
185,DO30060,0.0,0.0,41.0,38.0,11.0,9.0,17.0,47.0,17.0,1.0,18.0,17.0,52.0,8.0,7.0,22.0,20.0,9.0,68.0,48.0
186,DO30090,0.0,1.0,8.0,9.0,10.0,8.0,16.0,13.0,13.0,1.0,17.0,17.0,15.0,8.0,7.0,5.0,12.0,9.0,11.0,22.0
187,DO30090,0.0,1.0,8.0,37.0,12.0,8.0,17.0,43.0,20.0,38.0,18.0,20.0,50.0,8.0,7.0,5.0,29.0,9.0,13.0,23.0
188,DO30220,0.0,1.0,8.0,9.0,10.0,9.0,17.0,11.0,13.0,0.0,18.0,17.0,15.0,8.0,6.0,5.0,12.0,9.0,13.0,20.0
189,DO30220,1.0,50.0,8.0,11.0,25.0,9.0,18.0,50.0,15.0,1.0,41.0,37.0,17.0,8.0,7.0,5.0,32.0,9.0,15.0,22.0
190,DO30340,1.0,0.0,8.0,9.0,10.0,8.0,17.0,12.0,11.0,0.0,17.0,12.0,14.0,8.0,7.0,5.0,11.0,9.0,13.0,23.0
191,DO30340,62.0,0.0,39.0,41.0,44.0,43.0,18.0,48.0,18.0,0.0,19.0,17.0,15.0,8.0,7.0,5.0,28.0,9.0,15.0,23.0
192,DO30550,1.0,1.0,8.0,9.0,10.0,8.0,18.0,13.0,16.0,1.0,15.0,17.0,15.0,8.0,7.0,5.0,11.0,9.0,12.0,22.0
193,DO30550,2.0,1.0,8.0,11.0,11.0,9.0,25.0,45.0,18.0,1.0,18.0,21.0,16.0,8.0,7.0,5.0,20.0,9.0,13.0,23.0
194,DO30750,0.0,1.0,8.0,9.0,10.0,8.0,17.0,13.0,15.0,1.0,16.0,21.0,14.0,8.0,7.0,5.0,12.0,9.0,13.0,23.0
195,DO30750,0.0,36.0,8.0,11.0,13.0,8.0,19.0,50.0,16.0,47.0,18.0,47.0,15.0,52.0,7.0,5.0,26.0,49.0,50.0,24.0
196,DO30970,44.0,1.0,8.0,9.0,10.0,8.0,18.0,13.0,16.0,1.0,18.0,12.0,14.0,8.0,7.0,5.0,12.0,9.0,15.0,22.0
197,DO30970,44.0,37.0,8.0,11.0,11.0,9.0,47.0,46.0,20.0,1.0,42.0,21.0,15.0,35.0,7.0,5.0,32.0,9.0,24.0,23.0
198,DO31150,1.0,1.0,8.0,9.0,10.0,8.0,17.0,13.0,17.0,2.0,17.0,17.0,14.0,8.0,7.0,5.0,12.0,9.0,13.0,22.0
199,DO31150,1.0,1.0,8.0,40.0,14.0,8.0,18.0,52.0,18.0,101.0,47.0,23.0,50.0,39.0,7.0,22.0,44.0,39.0,40.0,24.0
200,DO31420,0.0,1.0,8.0,9.0,11.0,8.0,17.0,11.0,16.0,1.0,16.0,18.0,15.0,8.0,7.0,5.0,12.0,9.0,12.0,24.0
201,DO31420,0.0,1.0,8.0,11.0,32.0,9.0,18.0,40.0,18.0,1.0,18.0,21.0,17.0,8.0,7.0,6.0,32.0,9.0,13.0,24.0
202,DO31551,1.0,1.0,8.0,9.0,10.0,8.0,18.0,12.0,13.0,1.0,18.0,17.0,14.0,8.0,7.0,5.0,12.0,8.0,13.0,22.0
203,DO31551,31.0,43.0,8.0,10.0,11.0,35.0,28.0,13.0,16.0,2.0,38.0,21.0,50.0,8.0,7.0,5.0,20.0,9.0,13.0,24.0
204,DO31729,1.0,1.0,8.0,9.0,10.0,8.0,16.0,12.0,13.0,1.0,18.0,17.0,14.0,8.0,7.0,5.0,12.0,9.0,13.0,23.0
205,DO31729,2.0,39.0,8.0,11.0,38.0,9.0,25.0,13.0,16.0,49.0,20.0,40.0,42.0,42.0,32.0,6.0,34.0,9.0,13.0,49.0
206,DO31769,0.0,1.0,8.0,9.0,9.0,8.0,16.0,11.0,16.0,1.0,20.0,16.0,14.0,7.0,7.0,5.0,12.0,10.0,13.0,21.0
207,DO31769,0.0,1.0,22.0,41.0,10.0,9.0,17.0,51.0,47.0,1.0,44.0,17.0,15.0,8.0,7.0,5.0,50.0,52.0,15.0,22.0
208,DO31869,1.0,1.0,8.0,8.0,10.0,8.0,17.0,13.0,11.0,1.0,18.0,17.0,14.0,8.0,7.0,5.0,12.0,9.0,13.0,22.0
209,DO31869,1.0,40.0,8.0,9.0,31.0,9.0,18.0,50.0,18.0,117.0,44.0,45.0,42.0,38.0,7.0,5.0,38.0,41.0,15.0,23.0
210,DO32237,1.0,1.0,8.0,9.0,11.0,8.0,15.0,12.0,19.0,1.0,15.0,19.0,14.0,8.0,7.0,5.0,12.0,8.0,13.0,17.0
211,DO32237,1.0,20.0,38.0,9.0,50.0,8.0,36.0,13.0,20.0,1.0,16.0,21.0,44.0,8.0,7.0,6.0,31.0,9.0,15.0,25.0
212,DO32391,0.0,1.0,8.0,9.0,10.0,8.0,17.0,12.0,13.0,1.0,18.0,13.0,14.0,8.0,7.0,5.0,12.0,9.0,13.0,22.0
213,DO32391,0.0,26.0,8.0,11.0,31.0,41.0,42.0,13.0,18.0,70.0,18.0,22.0,15.0,8.0,7.0,5.0,31.0,9.0,15.0,23.0
214,DO32420,33.0,0.0,8.0,9.0,10.0,9.0,19.0,11.0,13.0,0.0,18.0,17.0,14.0,8.0,7.0,6.0,12.0,9.0,15.0,23.0
215,DO32420,44.0,0.0,8.0,53.0,31.0,40.0,34.0,38.0,18.0,75.0,18.0,23.0,15.0,8.0,7.0,6.0,20.0,32.0,50.0,24.0
216,DO32596,1.0,0.0,8.0,9.0,10.0,8.0,18.0,12.0,18.0,1.0,18.0,17.0,14.0,8.0,7.0,5.0,12.0,9.0,13.0,21.0
217,DO32596,70.0,59.0,8.0,9.0,11.0,8.0,25.0,14.0,20.0,90.0,42.0,21.0,15.0,8.0,7.0,5.0,25.0,9.0,46.0,22.0
218,DO32646,1.0,0.0,8.0,9.0,11.0,8.0,18.0,14.0,18.0,0.0,18.0,20.0,16.0,8.0,7.0,5.0,11.0,9.0,13.0,22.0
219,DO32646,79.0,0.0,8.0,40.0,50.0,9.0,58.0,49.0,20.0,107.0,40.0,21.0,44.0,38.0,7.0,20.0,52.0,39.0,46.0,50.0
